<?xml version="1.0" encoding="UTF-8"?>
<project-private xmlns="http://www.netbeans.org/ns/project-private/1">
    <editor-bookmarks xmlns="http://www.netbeans.org/ns/editor-bookmarks/2" lastBookmarkId="0"/>
    <open-files xmlns="http://www.netbeans.org/ns/projectui-open-files/2">
        <group>
            <file>file:/C:/Users/angel/Desktop/2018.2/Banco%20de%20Dados/Trabalho%20Final/trabalhobd-2018_2-equipe378981/Aplicação/Trabalho%20de%20BD/src/GUI/TelaPrincipalBibliotecario.java</file>
            <file>file:/C:/Users/angel/Desktop/2018.2/Banco%20de%20Dados/Trabalho%20Final/trabalhobd-2018_2-equipe378981/Aplicação/Trabalho%20de%20BD/src/GUI/ConsultaLivros.java</file>
        </group>
    </open-files>
</project-private>
